aggression,trust_baseline,lie_propensity,evasiveness,cooperativeness
0.22328470647335052,0.013638925738632679,0.9829632043838501,0.8303507566452026,0.023686107248067856