aggression,trust_baseline,lie_propensity,evasiveness,cooperativeness
0.005021705292165279,0.6626589894294739,0.2275443971157074,0.0009999998146668077,0.9786992073059082