aggression,trust_baseline,lie_propensity,evasiveness,cooperativeness
0.655281662940979,0.10631860047578812,0.7036949396133423,0.3521999418735504,0.37895524501800537