aggression,trust_baseline,lie_propensity,evasiveness,cooperativeness
0.22328472540603092,0.013638923760845745,0.9829632402778956,0.8303507678784917,0.023686108906684367
