aggression,trust_baseline,lie_propensity,evasiveness,cooperativeness
0.005021704829275064,0.6626589937001903,0.2275443804122641,0.0005961878356343653,0.9786991548623225
