aggression,trust_baseline,lie_propensity,evasiveness,cooperativeness
0.6552816791128752,0.1063185881678413,0.703694945766544,0.3521999635947699,0.378955264656853
